decoyID	Aardvark	Alpaca	American alligator	Armadillo	Atlantic cod	Baboon	Big brown bat	Black flying-fox	Brush-tailed rat	Budgerigar	Burton's mouthbreeder	Bushbaby	Cape elephant shrew	Cape golden mole	Cat	Chicken	Chimp	Chinchilla	Chinese hamster	Chinese softshell turtle	Chinese tree shrew	Coelacanth	Collared flycatcher	Cow	Crab-eating macaque	Davids myotis bat	Dog	Dolphin	Domestic goat	Elephant	Ferret	Fugu	Gibbon	Golden hamster	Gorilla	Green monkey	Green seaturtle	Guinea pig	Hedgehog	Horse	Human	Killer whale	Lamprey	Lesser Egyptian jerboa	Lizard	Mallard duck	Manatee	Marmoset	Medaka	Medium ground finch	Megabat	Mexican tetra (cavefish)	Microbat	Mouse	Naked mole-rat	Nile tilapia	Opossum	Orangutan	Pacific walrus	Painted turtle	Panda	Peregrine falcon	Pig	Pika	Platypus	Prairie vole	Princess of Burundi	Parrot	Pundamilia nyererei	Rabbit	Rat	Rhesus	Rock pigeon	Saker falcon	Scarlet macaw	Sheep	Shrew	Southern platyfish	Spiny softshell turtle	Spotted gar	Squirrel monkey	Squirrel	Stickleback	Tasmanian devil	Tenrec	Tetraodon	Tibetan antelope	Tibetan ground jay	Turkey	Wallaby	Weddell seal	White rhinoceros	White-throated sparrow	Wild bactrian camel	Yellowbelly pufferfish	Zebra finch	Zebra mbuna	Zebrafish	X. tropicalis	Star-nosed mole
AC009133.15_29807000	-1.000000	-1.000000	0.000002	-1.000000	0.000000	-1.000000	0.000625	-1.000000	-1.000000	0.000005	0.000007	-1.000000	-1.000000	-1.000000	-1.000000	0.000474	0.000036	0.006132	-1.000000	0.000022	-1.000000	0.000057	0.000536	-1.000000	-1.000000	-1.000000	0.000774	0.001452	-1.000000	-1.000000	-1.000000	0.000026	0.000002	0.001124	-1.000000	0.000036	0.000949	-1.000000	-1.000000	-1.000000	0.000036	0.000561	0.000314	-1.000000	0.000027	0.000010	-1.000000	-1.000000	0.000026	0.000005	0.000490	0.000003	-1.000000	0.000561	-1.000000	0.000007	0.069406	-1.000000	0.000297	0.000004	-1.000000	0.000005	0.000561	-1.000000	0.000034	0.001124	0.000007	0.000005	0.000161	-1.000000	0.000539	-1.000000	0.002560	0.000001	0.000002	-1.000000	-1.000000	0.000000	0.000020	0.000009	-1.000000	-1.000000	0.000000	0.000307	-1.000000	0.001397	-1.000000	0.000049	0.000084	0.000348	-1.000000	-1.000000	0.000003	-1.000000	0.000001	0.000001	0.000000	0.000102	0.000005	-1.000000
AC021224.1_32412336	0.000133	-1.000000	0.000013	-1.000000	0.018955	0.000162	-1.000000	-1.000000	-1.000000	0.000027	0.000010	-1.000000	-1.000000	0.000077	-1.000000	0.028120	0.000056	-1.000000	-1.000000	0.000272	-1.000000	0.000056	0.054959	-1.000000	-1.000000	-1.000000	-1.000000	-1.000000	-1.000000	-1.000000	-1.000000	0.000279	-1.000000	-1.000000	-1.000000	-1.000000	0.000032	-1.000000	-1.000000	-1.000000	0.000056	-1.000000	0.001564	-1.000000	0.000005	0.000064	-1.000000	-1.000000	0.000074	0.000238	-1.000000	0.000449	-1.000000	-1.000000	-1.000000	0.000007	0.000047	-1.000000	-1.000000	0.000026	-1.000000	0.000020	-1.000000	-1.000000	0.054005	-1.000000	0.000010	0.000027	0.000010	-1.000000	-1.000000	-1.000000	0.000027	0.000020	0.000026	-1.000000	-1.000000	0.000010	0.000037	0.000468	-1.000000	-1.000000	0.000258	0.000142	-1.000000	0.000029	-1.000000	0.000106	0.000064	0.000018	-1.000000	-1.000000	0.000009	-1.000000	0.000279	0.000023	0.000010	0.000033	0.000032	-1.000000
ADGRG7_100665282	-1.000000	-1.000000	0.036620	-1.000000	-1.000000	0.000261	-1.000000	-1.000000	-1.000000	0.000229	-1.000000	-1.000000	-1.000000	0.022107	-1.000000	0.000024	0.041489	-1.000000	-1.000000	0.000288	-1.000000	-1.000000	0.000239	-1.000000	0.000087	-1.000000	-1.000000	-1.000000	-1.000000	-1.000000	-1.000000	-1.000000	0.001170	-1.000000	0.019889	0.000256	0.000049	-1.000000	-1.000000	-1.000000	0.019889	-1.000000	-1.000000	-1.000000	0.003211	0.000477	-1.000000	-1.000000	-1.000000	0.000773	-1.000000	-1.000000	-1.000000	-1.000000	-1.000000	-1.000000	0.000121	0.007751	-1.000000	0.000050	-1.000000	0.000229	0.022449	-1.000000	0.008433	-1.000000	-1.000000	0.000273	-1.000000	-1.000000	-1.000000	0.000246	0.000005	0.000229	0.000616	-1.000000	-1.000000	-1.000000	0.000018	0.000127	-1.000000	-1.000000	-1.000000	0.000520	-1.000000	-1.000000	-1.000000	0.000484	0.000262	0.000044	0.000261	-1.000000	0.000239	-1.000000	-1.000000	0.000256	-1.000000	-1.000000	-1.000000	-1.000000
AK7_96456759	-1.000000	-1.000000	0.001252	-1.000000	0.005316	0.007700	-1.000000	-1.000000	-1.000000	0.002859	0.011169	-1.000000	-1.000000	0.010705	-1.000000	0.003228	0.006692	-1.000000	-1.000000	0.004886	-1.000000	0.003966	0.000525	-1.000000	0.007700	-1.000000	-1.000000	-1.000000	-1.000000	-1.000000	-1.000000	0.020418	0.002851	-1.000000	0.006692	0.044801	0.002901	-1.000000	-1.000000	-1.000000	0.008187	-1.000000	0.001054	-1.000000	0.050366	0.000616	-1.000000	0.007328	0.000248	0.000955	-1.000000	0.000173	-1.000000	-1.000000	-1.000000	0.011169	0.000357	0.008266	-1.000000	0.002901	-1.000000	0.019711	-1.000000	-1.000000	0.013547	-1.000000	0.011169	0.002859	0.011169	-1.000000	-1.000000	0.007700	0.000342	0.019711	0.002859	-1.000000	-1.000000	0.000065	0.003131	0.092748	0.006106	-1.000000	0.000054	0.000951	-1.000000	0.011504	-1.000000	0.000481	0.000181	0.003773	-1.000000	-1.000000	0.000625	-1.000000	0.028912	0.000940	0.011169	0.000067	0.000762	-1.000000
AK7_96456761	-1.000000	-1.000000	0.000000	-1.000000	0.000000	0.000000	-1.000000	-1.000000	-1.000000	0.000000	0.000000	-1.000000	-1.000000	0.000000	-1.000000	0.000000	0.000000	-1.000000	-1.000000	0.000000	-1.000000	0.000000	0.000000	-1.000000	0.000000	-1.000000	-1.000000	-1.000000	-1.000000	-1.000000	-1.000000	0.000000	0.000000	-1.000000	0.000000	0.000000	0.000000	-1.000000	-1.000000	-1.000000	0.000000	-1.000000	0.000000	-1.000000	0.000000	0.000000	-1.000000	0.000000	0.000000	0.000000	-1.000000	0.000000	-1.000000	-1.000000	-1.000000	0.000000	0.000000	0.000000	-1.000000	0.000000	-1.000000	0.000000	-1.000000	-1.000000	0.000000	-1.000000	0.000000	0.000000	0.000000	-1.000000	-1.000000	0.000000	0.000000	0.000000	0.000000	-1.000000	-1.000000	0.000000	0.000000	0.000000	0.000000	-1.000000	0.000000	0.000000	-1.000000	0.000000	-1.000000	0.000000	0.000000	0.000000	-1.000000	-1.000000	0.000000	-1.000000	0.000000	0.000000	0.000000	0.000000	0.000000	-1.000000
AK7_96456765	-1.000000	-1.000000	0.000000	-1.000000	0.000000	0.000000	-1.000000	-1.000000	-1.000000	0.000000	0.000000	-1.000000	-1.000000	0.000000	-1.000000	0.000000	0.000000	-1.000000	-1.000000	0.000000	-1.000000	0.000000	0.000000	-1.000000	0.000000	-1.000000	-1.000000	-1.000000	-1.000000	-1.000000	-1.000000	0.000000	0.000000	-1.000000	0.000000	0.000000	0.000000	-1.000000	-1.000000	-1.000000	0.000000	-1.000000	0.000000	-1.000000	0.000000	0.000000	-1.000000	0.000000	0.000000	0.000000	-1.000000	0.000000	-1.000000	-1.000000	-1.000000	0.000000	0.000000	0.000000	-1.000000	0.000000	-1.000000	0.000000	-1.000000	-1.000000	0.000000	-1.000000	0.000000	0.000000	0.000000	-1.000000	-1.000000	0.000000	0.000000	0.000000	0.000000	-1.000000	-1.000000	0.000000	0.000000	0.000000	0.000000	-1.000000	0.000000	0.000000	-1.000000	0.000000	-1.000000	0.000000	0.000000	0.000000	-1.000000	-1.000000	0.000000	-1.000000	0.000000	0.000000	0.000000	0.000000	0.000000	-1.000000
ALG9_111864246	0.005429	-1.000000	0.000080	-1.000000	0.026258	0.001593	-1.000000	-1.000000	-1.000000	0.000000	0.000004	-1.000000	-1.000000	0.350644	-1.000000	0.026194	0.027394	-1.000000	-1.000000	-1.000000	-1.000000	0.000002	-1.000000	-1.000000	0.001593	-1.000000	-1.000000	0.002270	-1.000000	-1.000000	-1.000000	-1.000000	0.005532	-1.000000	-1.000000	0.001299	-1.000000	-1.000000	-1.000000	-1.000000	0.027394	-1.000000	-1.000000	-1.000000	0.000123	-1.000000	-1.000000	0.016231	-1.000000	0.000168	-1.000000	0.000213	-1.000000	-1.000000	-1.000000	0.000091	0.000702	0.004261	-1.000000	0.000052	-1.000000	-1.000000	0.183008	-1.000000	0.002657	-1.000000	0.000001	-1.000000	0.000004	-1.000000	-1.000000	0.001593	-1.000000	-1.000000	-1.000000	-1.000000	-1.000000	0.000130	-1.000000	0.000001	0.010611	-1.000000	0.021085	0.001649	-1.000000	-1.000000	-1.000000	0.000020	-1.000000	0.006669	0.060361	-1.000000	0.001592	-1.000000	-1.000000	0.001592	0.000004	0.003242	0.000001	-1.000000
ALG9_111864250	0.000000	-1.000000	0.000001	-1.000000	0.000000	0.000000	-1.000000	-1.000000	-1.000000	0.000000	0.000000	-1.000000	-1.000000	0.000000	-1.000000	0.000000	0.000000	-1.000000	-1.000000	-1.000000	-1.000000	0.000000	-1.000000	-1.000000	0.000000	-1.000000	-1.000000	0.000000	-1.000000	-1.000000	-1.000000	-1.000000	0.000000	-1.000000	-1.000000	0.000000	-1.000000	-1.000000	-1.000000	-1.000000	0.000000	-1.000000	-1.000000	-1.000000	0.000000	-1.000000	-1.000000	0.000000	-1.000000	0.000000	-1.000000	0.000000	-1.000000	-1.000000	-1.000000	0.000000	0.000000	0.000000	-1.000000	0.000000	-1.000000	-1.000000	0.000000	-1.000000	0.000000	-1.000000	0.000000	-1.000000	0.000000	-1.000000	-1.000000	0.000000	-1.000000	-1.000000	-1.000000	-1.000000	-1.000000	0.000000	-1.000000	0.000000	0.000000	-1.000000	0.000000	-1.000000	-1.000000	-1.000000	-1.000000	0.000000	-1.000000	0.000000	0.000000	-1.000000	0.000000	-1.000000	-1.000000	0.000000	0.000000	0.000000	0.000001	-1.000000
ATP7B_51966740	-1.000000	-1.000000	0.000000	-1.000000	-1.000000	-1.000000	-1.000000	-1.000000	-1.000000	-1.000000	-1.000000	-1.000000	-1.000000	-1.000000	-1.000000	0.000151	0.028731	-1.000000	-1.000000	0.000001	-1.000000	0.000571	0.000303	-1.000000	-1.000000	-1.000000	-1.000000	-1.000000	-1.000000	-1.000000	-1.000000	0.000714	0.002635	-1.000000	0.016151	-1.000000	0.002360	-1.000000	-1.000000	0.000002	0.028731	-1.000000	-1.000000	-1.000000	0.000001	-1.000000	-1.000000	-1.000000	-1.000000	-1.000000	-1.000000	-1.000000	-1.000000	-1.000000	-1.000000	-1.000000	0.001120	0.014954	-1.000000	0.006377	-1.000000	-1.000000	-1.000000	-1.000000	0.002184	-1.000000	-1.000000	-1.000000	-1.000000	-1.000000	-1.000000	-1.000000	0.000611	-1.000000	-1.000000	-1.000000	-1.000000	-1.000000	0.000001	-1.000000	-1.000000	-1.000000	-1.000000	0.000000	-1.000000	-1.000000	-1.000000	0.000027	-1.000000	0.473273	-1.000000	-1.000000	0.000078	-1.000000	0.000714	0.000268	-1.000000	-1.000000	-1.000000	-1.000000
BNIP2_59676881	-1.000000	-1.000000	0.007412	-1.000000	0.000057	-1.000000	-1.000000	-1.000000	-1.000000	-1.000000	0.005709	-1.000000	-1.000000	-1.000000	-1.000000	0.015778	0.145454	-1.000000	-1.000000	0.000038	-1.000000	0.001374	-1.000000	-1.000000	-1.000000	-1.000000	-1.000000	-1.000000	-1.000000	-1.000000	-1.000000	0.003253	0.226959	-1.000000	0.186309	-1.000000	0.081087	-1.000000	-1.000000	-1.000000	0.145454	-1.000000	0.000406	-1.000000	0.000123	-1.000000	-1.000000	-1.000000	0.013534	-1.000000	-1.000000	0.004266	-1.000000	-1.000000	-1.000000	0.005709	0.220968	0.145454	-1.000000	0.081087	-1.000000	-1.000000	-1.000000	-1.000000	-1.000000	-1.000000	0.002774	0.000000	0.005709	-1.000000	-1.000000	-1.000000	-1.000000	-1.000000	-1.000000	-1.000000	-1.000000	0.000615	0.038544	0.003353	-1.000000	-1.000000	-1.000000	0.000001	-1.000000	-1.000000	-1.000000	-1.000000	-1.000000	0.031396	-1.000000	-1.000000	0.002123	-1.000000	0.000006	-1.000000	0.005709	0.002020	0.036387	-1.000000
C5orf42_37211235	-1.000000	-1.000000	0.000845	-1.000000	-1.000000	0.000312	-1.000000	-1.000000	-1.000000	0.015260	0.021946	-1.000000	-1.000000	-1.000000	-1.000000	0.039049	0.010022	-1.000000	-1.000000	0.014381	-1.000000	0.012177	0.021816	-1.000000	0.004032	-1.000000	-1.000000	-1.000000	-1.000000	-1.000000	-1.000000	-1.000000	0.005893	-1.000000	0.010022	0.014558	0.031869	-1.000000	-1.000000	-1.000000	0.010022	-1.000000	-1.000000	-1.000000	0.000032	0.071396	-1.000000	-1.000000	0.000481	0.135498	-1.000000	-1.000000	-1.000000	-1.000000	-1.000000	0.037041	0.040334	0.011841	-1.000000	0.031869	-1.000000	0.090086	-1.000000	-1.000000	0.014395	-1.000000	0.026757	0.019038	0.021946	-1.000000	-1.000000	0.009301	0.034730	0.090086	0.024807	-1.000000	-1.000000	0.000483	0.019454	0.000023	-1.000000	-1.000000	0.113859	0.000267	-1.000000	-1.000000	-1.000000	0.137096	0.011471	0.007500	-1.000000	-1.000000	0.181275	-1.000000	-1.000000	0.160550	0.021946	-1.000000	0.000846	-1.000000
CTD-2619J13.9_58357971	0.001187	0.009421	0.000001	-1.000000	0.000000	0.000088	-1.000000	-1.000000	-1.000000	0.000000	-1.000000	-1.000000	-1.000000	0.000102	0.045644	0.000000	0.000023	-1.000000	-1.000000	0.000000	-1.000000	-1.000000	0.000017	-1.000000	0.000088	-1.000000	0.000592	-1.000000	-1.000000	0.011594	-1.000000	0.005407	0.000014	-1.000000	0.000013	0.000088	0.000005	-1.000000	-1.000000	0.000434	0.000028	-1.000000	0.000393	-1.000000	0.000001	0.000001	-1.000000	-1.000000	-1.000000	0.000000	-1.000000	0.000000	-1.000000	-1.000000	-1.000000	0.000002	0.000010	0.000046	0.001295	0.000014	-1.000000	-1.000000	-1.000000	-1.000000	0.000029	-1.000000	0.000002	0.000372	0.000002	0.000182	-1.000000	0.000099	0.000000	0.000000	0.000000	-1.000000	-1.000000	0.000002	0.000000	0.000003	0.001368	-1.000000	-1.000000	0.000007	-1.000000	0.000078	-1.000000	0.000001	0.000001	-1.000000	-1.000000	0.000033	0.000001	0.007608	-1.000000	0.000003	-1.000000	-1.000000	0.000005	-1.000000
CTD-3099C6.7_52583757	0.000042	0.231808	0.001579	-1.000000	0.000113	0.000000	-1.000000	-1.000000	-1.000000	0.000420	0.000133	0.002946	-1.000000	0.000291	-1.000000	0.001869	0.254120	-1.000000	-1.000000	0.001226	0.009974	0.023693	0.006959	0.043799	0.000000	-1.000000	0.052307	0.011574	0.096412	0.000523	0.001902	-1.000000	0.253237	-1.000000	0.317345	0.000000	0.013457	0.000067	-1.000000	0.064071	0.243334	-1.000000	0.000090	-1.000000	0.006880	0.000991	0.010249	-1.000000	0.004496	0.001121	0.000224	0.001227	-1.000000	-1.000000	0.000901	-1.000000	0.097599	0.307112	-1.000000	0.003703	-1.000000	0.004770	-1.000000	0.062550	0.049428	-1.000000	0.000001	0.000091	0.000003	-1.000000	-1.000000	0.000000	0.000101	-1.000000	0.000347	0.000374	-1.000000	0.007309	0.000428	0.000375	-1.000000	-1.000000	-1.000000	0.000040	-1.000000	-1.000000	0.382817	0.000504	0.000008	0.005223	-1.000000	-1.000000	-1.000000	0.020085	0.005925	-1.000000	0.000509	0.000142	0.029840	0.000032
ECT2L_138879112	-1.000000	-1.000000	0.011809	-1.000000	0.000593	0.019533	-1.000000	-1.000000	-1.000000	0.081196	0.042528	0.309500	-1.000000	-1.000000	-1.000000	0.086017	0.066879	-1.000000	-1.000000	0.013757	0.000156	0.018381	0.086017	-1.000000	0.019533	-1.000000	-1.000000	-1.000000	-1.000000	-1.000000	-1.000000	0.010074	0.004877	-1.000000	0.099973	0.019533	0.000130	0.017391	-1.000000	-1.000000	0.068831	-1.000000	-1.000000	-1.000000	0.001153	0.086017	-1.000000	0.086501	0.010089	0.086017	-1.000000	0.000430	-1.000000	-1.000000	0.073555	0.005716	0.007508	0.042885	-1.000000	0.013757	-1.000000	0.093491	-1.000000	-1.000000	0.000001	-1.000000	0.005716	0.000001	0.005716	-1.000000	-1.000000	0.019533	0.086017	0.096772	0.114175	-1.000000	-1.000000	0.067413	0.004002	0.000510	0.142056	0.000424	0.000144	0.091444	-1.000000	0.000658	-1.000000	0.000288	0.007587	0.091444	-1.000000	-1.000000	0.086017	-1.000000	0.010074	0.086017	0.005716	-1.000000	0.000301	-1.000000
ERLIN2_37747668	-1.000000	-1.000000	-1.000000	-1.000000	0.000778	0.200141	-1.000000	-1.000000	-1.000000	0.003190	0.037591	-1.000000	-1.000000	0.000124	-1.000000	0.011254	0.375627	-1.000000	-1.000000	0.017849	-1.000000	0.001333	0.003190	-1.000000	0.228164	-1.000000	-1.000000	0.047076	-1.000000	-1.000000	-1.000000	-1.000000	0.336040	-1.000000	0.336040	0.156622	-1.000000	-1.000000	-1.000000	-1.000000	0.512670	-1.000000	-1.000000	-1.000000	-1.000000	0.001644	-1.000000	0.302383	0.005505	0.003190	0.023389	0.000060	-1.000000	-1.000000	-1.000000	0.037591	0.024463	0.336040	-1.000000	0.465816	-1.000000	0.004257	-1.000000	-1.000000	0.027008	-1.000000	0.037591	0.003936	0.037591	-1.000000	-1.000000	0.228164	0.000566	0.004257	0.003936	-1.000000	-1.000000	0.023161	0.021071	0.000369	0.167854	-1.000000	0.000539	0.034715	-1.000000	0.166591	-1.000000	0.003936	0.004763	0.036328	0.018869	-1.000000	0.003190	-1.000000	-1.000000	0.000838	0.037591	0.000123	0.031300	-1.000000
GRAMD1B_123598204	0.203533	-1.000000	0.162699	-1.000000	0.000594	0.009544	-1.000000	-1.000000	-1.000000	0.220008	0.053061	-1.000000	-1.000000	0.000665	-1.000000	0.082832	0.155712	-1.000000	-1.000000	0.133318	-1.000000	0.028308	0.144863	-1.000000	0.009544	-1.000000	-1.000000	-1.000000	-1.000000	-1.000000	-1.000000	0.000017	-1.000000	-1.000000	0.125806	0.009544	0.153318	-1.000000	-1.000000	-1.000000	0.155712	-1.000000	-1.000000	-1.000000	0.369826	0.142687	-1.000000	-1.000000	0.005995	0.161850	-1.000000	0.005926	-1.000000	-1.000000	-1.000000	0.035470	0.082320	-1.000000	-1.000000	0.146370	-1.000000	0.174034	-1.000000	-1.000000	0.011764	-1.000000	0.006537	0.181091	0.053061	-1.000000	-1.000000	0.009544	0.130373	0.174034	0.164924	-1.000000	-1.000000	0.008031	0.133346	0.535504	-1.000000	-1.000000	0.103471	0.001083	-1.000000	0.000023	-1.000000	0.274784	0.004133	0.125021	-1.000000	-1.000000	0.010742	-1.000000	0.000017	0.096335	0.053061	0.003064	0.008841	-1.000000
GRAMD1B_123599034	0.183513	-1.000000	0.026436	-1.000000	0.150081	0.124853	-1.000000	-1.000000	-1.000000	0.001770	0.070330	-1.000000	-1.000000	0.174288	-1.000000	0.003409	0.264957	-1.000000	-1.000000	0.040755	-1.000000	-1.000000	0.021918	-1.000000	0.124853	-1.000000	-1.000000	-1.000000	-1.000000	-1.000000	-1.000000	0.106136	0.165267	-1.000000	0.257858	0.114861	0.032679	-1.000000	-1.000000	-1.000000	0.264957	-1.000000	0.001261	-1.000000	0.005007	0.001362	-1.000000	-1.000000	0.030773	0.019628	-1.000000	0.001062	-1.000000	-1.000000	-1.000000	0.070330	0.044310	0.075456	-1.000000	0.032651	-1.000000	0.027907	-1.000000	-1.000000	0.105119	-1.000000	0.031722	0.001770	0.070330	-1.000000	-1.000000	0.124853	0.002322	0.027907	0.001770	-1.000000	-1.000000	0.015846	0.040755	0.048530	-1.000000	-1.000000	0.031320	0.012825	-1.000000	0.080290	-1.000000	0.022587	0.010580	0.095189	-1.000000	-1.000000	0.017799	-1.000000	0.106136	0.000904	0.070330	0.047366	0.006624	-1.000000
GTF2I_74741860	-1.000000	-1.000000	0.086295	-1.000000	0.004588	0.010353	-1.000000	-1.000000	-1.000000	0.002118	0.057196	-1.000000	-1.000000	-1.000000	-1.000000	0.000244	0.026874	-1.000000	-1.000000	0.000278	-1.000000	0.000046	0.000025	-1.000000	0.032356	-1.000000	-1.000000	-1.000000	-1.000000	-1.000000	-1.000000	0.012381	0.011871	-1.000000	0.028063	0.032356	-1.000000	-1.000000	-1.000000	-1.000000	0.092627	-1.000000	0.005792	-1.000000	0.000864	-1.000000	-1.000000	0.013725	0.098820	0.006339	-1.000000	0.004684	-1.000000	-1.000000	-1.000000	0.057196	0.013813	0.010568	-1.000000	-1.000000	-1.000000	0.000001	-1.000000	-1.000000	0.003481	-1.000000	0.057196	0.000000	0.057196	-1.000000	-1.000000	0.032356	-1.000000	0.000001	0.002118	-1.000000	-1.000000	0.049705	0.016725	0.000599	0.110173	-1.000000	0.034234	0.000063	-1.000000	0.053039	-1.000000	0.006339	0.000001	0.018705	-1.000000	-1.000000	0.000004	-1.000000	0.012381	-1.000000	0.057196	0.000002	0.000003	-1.000000
HMGXB3_150015144	-1.000000	-1.000000	0.000060	-1.000000	0.000019	0.398227	-1.000000	-1.000000	-1.000000	0.000018	0.005732	-1.000000	-1.000000	-1.000000	-1.000000	0.012301	0.320176	-1.000000	-1.000000	0.000643	-1.000000	0.000058	0.000006	-1.000000	0.398227	-1.000000	-1.000000	-1.000000	-1.000000	-1.000000	-1.000000	0.016132	0.329345	-1.000000	0.320176	0.323663	0.000643	-1.000000	-1.000000	-1.000000	0.343196	-1.000000	-1.000000	-1.000000	0.170904	0.001680	-1.000000	0.016278	0.053024	0.000011	-1.000000	0.048012	-1.000000	-1.000000	-1.000000	0.002680	0.103973	0.320176	-1.000000	0.000643	-1.000000	0.000940	-1.000000	-1.000000	0.000008	-1.000000	0.011276	0.000286	0.005732	-1.000000	-1.000000	0.398227	0.000304	0.000940	0.000323	-1.000000	-1.000000	-1.000000	0.001085	0.001081	0.029049	-1.000000	0.202526	-1.000000	-1.000000	0.366411	-1.000000	0.000008	0.021207	0.000001	-1.000000	-1.000000	0.000007	-1.000000	0.016132	0.000008	0.005732	0.066853	0.000514	-1.000000
JAK2_5085459	-1.000000	-1.000000	0.014862	-1.000000	0.002144	0.153970	-1.000000	-1.000000	-1.000000	0.019805	0.030411	-1.000000	-1.000000	-1.000000	-1.000000	0.019805	0.040439	-1.000000	-1.000000	0.026189	-1.000000	-1.000000	0.028721	-1.000000	0.153970	-1.000000	-1.000000	-1.000000	-1.000000	-1.000000	-1.000000	0.042315	0.108180	-1.000000	0.040439	0.109197	0.052007	-1.000000	-1.000000	-1.000000	0.036446	-1.000000	0.001084	-1.000000	0.015184	0.013811	-1.000000	-1.000000	0.081853	0.032567	-1.000000	0.042245	-1.000000	-1.000000	-1.000000	0.030411	0.010748	0.038121	-1.000000	0.026189	-1.000000	0.030358	-1.000000	-1.000000	0.021366	-1.000000	0.030411	0.019805	0.030411	-1.000000	-1.000000	0.153970	0.013811	0.030358	0.019805	-1.000000	-1.000000	0.035487	0.048218	0.012292	-1.000000	-1.000000	0.057085	0.004964	-1.000000	0.032868	-1.000000	0.045583	0.019805	-1.000000	-1.000000	-1.000000	0.016130	-1.000000	0.042315	0.032567	0.030411	0.187144	0.002085	-1.000000
KIAA0319_24598961	-1.000000	-1.000000	0.034435	-1.000000	0.000055	0.040701	-1.000000	-1.000000	-1.000000	0.004404	0.010624	-1.000000	-1.000000	-1.000000	-1.000000	0.000418	0.036622	-1.000000	-1.000000	0.005517	-1.000000	0.014370	0.072360	-1.000000	0.048709	-1.000000	-1.000000	0.055137	-1.000000	-1.000000	-1.000000	0.010258	0.079171	-1.000000	0.074023	0.003415	0.007667	-1.000000	-1.000000	-1.000000	0.036622	-1.000000	0.098751	-1.000000	0.022596	0.008740	-1.000000	0.044602	0.005823	-1.000000	-1.000000	0.010354	-1.000000	-1.000000	-1.000000	0.010624	0.040068	0.065359	-1.000000	0.007667	-1.000000	0.004134	-1.000000	-1.000000	0.013394	-1.000000	0.010624	0.000015	0.010624	-1.000000	-1.000000	0.048709	0.013299	0.004134	0.004866	-1.000000	-1.000000	0.005874	0.005517	0.009746	0.034191	-1.000000	0.009553	0.000092	-1.000000	0.008834	-1.000000	0.004134	0.056821	0.000093	-1.000000	-1.000000	0.004134	-1.000000	0.013873	-1.000000	0.010624	0.006066	0.000020	-1.000000
LINC00265_39789077	-1.000000	-1.000000	0.000549	-1.000000	0.101971	-1.000000	-1.000000	-1.000000	-1.000000	0.000185	0.080260	-1.000000	-1.000000	-1.000000	-1.000000	0.000729	0.135827	-1.000000	-1.000000	0.000458	-1.000000	0.036048	0.000197	-1.000000	0.142921	-1.000000	-1.000000	-1.000000	-1.000000	-1.000000	-1.000000	0.076665	0.030591	-1.000000	-1.000000	0.142921	0.000458	-1.000000	-1.000000	-1.000000	0.135827	-1.000000	0.169707	-1.000000	0.000711	0.000458	-1.000000	0.033487	0.088594	0.000273	0.045341	0.037347	-1.000000	-1.000000	-1.000000	0.080260	0.080038	0.181145	-1.000000	0.000458	-1.000000	0.000155	-1.000000	-1.000000	0.051061	-1.000000	0.080260	0.000171	0.080260	-1.000000	-1.000000	-1.000000	0.000155	0.000155	0.000171	-1.000000	-1.000000	0.141240	0.000507	0.032797	0.039633	-1.000000	0.069084	0.057666	-1.000000	0.015467	-1.000000	0.000273	0.000466	0.079770	-1.000000	-1.000000	0.000385	-1.000000	0.205894	0.000215	0.080260	0.084598	0.033439	-1.000000
LINC02067_161429310	0.006320	-1.000000	0.000862	-1.000000	0.002539	0.003410	-1.000000	-1.000000	-1.000000	0.001996	0.007230	-1.000000	-1.000000	-1.000000	-1.000000	0.002295	0.003120	-1.000000	-1.000000	0.002523	-1.000000	0.002230	0.000294	-1.000000	-1.000000	-1.000000	-1.000000	-1.000000	-1.000000	-1.000000	-1.000000	0.014218	-1.000000	-1.000000	-1.000000	-1.000000	0.001719	-1.000000	-1.000000	-1.000000	0.003410	-1.000000	0.000098	-1.000000	0.081131	0.000434	-1.000000	-1.000000	0.000145	0.000558	-1.000000	0.000126	-1.000000	-1.000000	-1.000000	0.007230	0.000084	-1.000000	-1.000000	0.001719	-1.000000	0.012819	0.009522	-1.000000	0.007607	-1.000000	0.007230	0.001996	0.007230	-1.000000	-1.000000	-1.000000	0.000241	0.012819	0.001996	-1.000000	-1.000000	0.000041	0.001906	0.060079	-1.000000	-1.000000	0.000033	0.000577	-1.000000	0.007921	-1.000000	0.000295	0.002737	0.002309	-1.000000	-1.000000	0.000382	-1.000000	0.023302	0.000546	0.007230	0.000029	0.000364	-1.000000
LINC02088_20613759	-1.000000	-1.000000	0.086047	-1.000000	0.001656	-1.000000	-1.000000	-1.000000	-1.000000	0.011299	0.000159	-1.000000	-1.000000	-1.000000	-1.000000	0.000312	0.291559	-1.000000	-1.000000	0.002119	-1.000000	0.001125	0.039944	-1.000000	-1.000000	-1.000000	-1.000000	-1.000000	-1.000000	-1.000000	-1.000000	0.001553	-1.000000	-1.000000	-1.000000	-1.000000	0.002026	-1.000000	-1.000000	-1.000000	0.374530	-1.000000	-1.000000	-1.000000	0.002935	0.005773	-1.000000	-1.000000	0.001571	0.039944	-1.000000	0.041695	-1.000000	-1.000000	-1.000000	0.000159	0.000598	-1.000000	-1.000000	0.000716	-1.000000	0.000058	-1.000000	-1.000000	0.034993	-1.000000	0.000159	0.003090	0.000159	-1.000000	-1.000000	-1.000000	0.001373	0.000058	0.015641	-1.000000	-1.000000	0.000133	-1.000000	0.000886	-1.000000	-1.000000	0.000118	0.001045	-1.000000	0.000199	-1.000000	0.016900	0.001226	0.000782	-1.000000	-1.000000	-1.000000	-1.000000	0.001553	0.039944	0.000159	0.000191	0.001794	-1.000000
MALRD1_19491226	-1.000000	-1.000000	0.018849	-1.000000	0.032777	0.013973	-1.000000	-1.000000	-1.000000	0.016183	0.032039	-1.000000	-1.000000	-1.000000	-1.000000	0.016254	0.006324	-1.000000	-1.000000	0.012300	-1.000000	0.005778	0.028657	-1.000000	0.003140	-1.000000	-1.000000	-1.000000	-1.000000	-1.000000	-1.000000	0.000141	0.019122	-1.000000	0.004000	0.002771	0.020434	-1.000000	-1.000000	-1.000000	0.006324	-1.000000	0.033162	-1.000000	0.003572	0.016254	-1.000000	0.017545	0.000187	0.028657	-1.000000	0.063983	-1.000000	-1.000000	-1.000000	0.032039	0.011973	0.006324	-1.000000	0.009565	-1.000000	0.016183	-1.000000	-1.000000	0.001225	-1.000000	0.032039	0.016183	0.032039	-1.000000	-1.000000	0.003140	0.016183	0.016183	0.016183	-1.000000	-1.000000	0.087500	0.011531	0.024047	0.008838	-1.000000	0.027000	0.012641	-1.000000	0.000237	-1.000000	0.028657	0.016254	0.015722	-1.000000	-1.000000	0.028657	-1.000000	0.000141	0.028657	0.032039	0.035850	0.015257	-1.000000
MED6_70595463	-1.000000	-1.000000	0.020727	-1.000000	0.000000	0.087001	-1.000000	-1.000000	-1.000000	0.019602	0.000000	-1.000000	-1.000000	-1.000000	-1.000000	0.055289	0.099304	-1.000000	-1.000000	0.000161	-1.000000	-1.000000	0.002050	-1.000000	0.070937	-1.000000	-1.000000	-1.000000	-1.000000	-1.000000	-1.000000	0.000000	0.007242	-1.000000	0.187192	0.110020	0.000014	-1.000000	-1.000000	-1.000000	0.187192	-1.000000	-1.000000	-1.000000	0.000000	0.024115	-1.000000	0.011554	0.000128	0.000016	-1.000000	0.000000	-1.000000	-1.000000	-1.000000	0.000000	0.004207	0.068644	-1.000000	0.000021	-1.000000	0.000008	-1.000000	-1.000000	0.018827	-1.000000	0.000000	0.007371	0.000000	-1.000000	-1.000000	0.070937	0.000295	0.000019	0.012254	-1.000000	-1.000000	0.039598	0.045122	0.000107	0.010668	-1.000000	0.001292	0.030246	-1.000000	0.000131	-1.000000	0.000014	0.018271	0.014987	-1.000000	-1.000000	0.000158	-1.000000	0.209870	0.000008	0.000000	0.000183	0.029569	-1.000000
MIB1_21854897	-1.000000	-1.000000	0.084233	-1.000000	0.142483	0.000097	-1.000000	-1.000000	-1.000000	0.061396	-1.000000	-1.000000	-1.000000	-1.000000	-1.000000	0.044090	0.025781	-1.000000	-1.000000	0.000513	-1.000000	0.088900	-1.000000	-1.000000	0.000097	-1.000000	-1.000000	0.046316	-1.000000	-1.000000	-1.000000	0.001575	0.025781	-1.000000	0.025781	0.000097	0.050035	-1.000000	-1.000000	-1.000000	0.025781	-1.000000	-1.000000	-1.000000	0.046788	0.196813	-1.000000	0.024934	-1.000000	0.003053	-1.000000	-1.000000	-1.000000	-1.000000	-1.000000	-1.000000	0.047252	0.029233	0.000004	0.079468	-1.000000	0.076831	-1.000000	-1.000000	0.262870	-1.000000	-1.000000	-1.000000	-1.000000	-1.000000	-1.000000	0.000097	0.085364	0.076831	0.000973	-1.000000	-1.000000	-1.000000	0.000139	-1.000000	0.037465	-1.000000	-1.000000	0.036500	-1.000000	0.236307	-1.000000	0.039709	0.044090	0.043991	-1.000000	-1.000000	0.000275	-1.000000	0.246771	-1.000000	-1.000000	-1.000000	0.060750	-1.000000
NCF2_183587149	-1.000000	-1.000000	0.000000	-1.000000	-1.000000	0.026861	-1.000000	-1.000000	-1.000000	0.000003	0.000000	-1.000000	-1.000000	-1.000000	-1.000000	0.000000	0.009531	-1.000000	-1.000000	0.000018	-1.000000	0.000031	0.013886	-1.000000	0.042467	-1.000000	-1.000000	-1.000000	-1.000000	-1.000000	-1.000000	0.000000	0.019023	-1.000000	0.019023	0.008121	0.000018	-1.000000	-1.000000	-1.000000	0.021534	-1.000000	-1.000000	-1.000000	0.000564	0.001766	-1.000000	0.010741	-1.000000	0.000256	0.000002	0.000054	-1.000000	-1.000000	-1.000000	0.000000	0.000001	0.006827	-1.000000	0.000018	-1.000000	0.000001	0.000260	-1.000000	0.000000	-1.000000	0.000000	0.000000	0.000000	-1.000000	-1.000000	0.042467	0.000005	0.000001	0.000001	-1.000000	-1.000000	-1.000000	0.000018	0.000001	0.004587	-1.000000	0.017921	0.000171	-1.000000	0.000000	-1.000000	0.051061	0.000000	0.000001	-1.000000	-1.000000	0.000000	-1.000000	-1.000000	0.001616	0.000000	-1.000000	0.000001	-1.000000
NCOR1_16084395	-1.000000	-1.000000	0.000017	-1.000000	0.000548	0.249914	-1.000000	-1.000000	-1.000000	0.000073	0.000487	-1.000000	-1.000000	-1.000000	-1.000000	0.000000	0.159593	-1.000000	-1.000000	0.000579	-1.000000	0.000025	0.000000	-1.000000	0.249914	-1.000000	-1.000000	-1.000000	-1.000000	-1.000000	-1.000000	0.000005	0.242022	-1.000000	0.159593	0.316372	0.002675	-1.000000	-1.000000	-1.000000	0.159593	-1.000000	-1.000000	-1.000000	0.000419	0.000000	-1.000000	0.000105	0.000004	0.000000	-1.000000	0.000073	-1.000000	-1.000000	-1.000000	0.000487	0.000571	0.193051	-1.000000	0.000479	-1.000000	0.000000	0.000041	-1.000000	0.000238	-1.000000	0.000010	0.000044	0.000561	-1.000000	-1.000000	0.249914	0.000157	0.000000	-1.000000	-1.000000	-1.000000	0.000006	0.000579	0.000002	0.000105	-1.000000	0.000020	0.000199	-1.000000	0.000426	-1.000000	0.000000	0.000000	0.000178	-1.000000	-1.000000	0.000000	-1.000000	0.000005	0.000000	0.000487	0.000000	0.000006	-1.000000
NOTUM_81955759	-1.000000	-1.000000	0.000158	-1.000000	0.002235	-1.000000	0.000011	-1.000000	-1.000000	-1.000000	-1.000000	-1.000000	-1.000000	-1.000000	-1.000000	0.000002	0.001541	-1.000000	-1.000000	0.000076	-1.000000	-1.000000	0.000000	-1.000000	0.000008	-1.000000	0.000000	-1.000000	0.000001	-1.000000	0.000002	-1.000000	-1.000000	-1.000000	-1.000000	-1.000000	0.000001	-1.000000	-1.000000	-1.000000	0.001541	0.000150	0.072244	-1.000000	-1.000000	0.000010	-1.000000	-1.000000	-1.000000	0.000001	-1.000000	-1.000000	-1.000000	-1.000000	-1.000000	-1.000000	0.000008	-1.000000	0.000006	0.000001	-1.000000	0.000047	-1.000000	-1.000000	0.000076	-1.000000	-1.000000	0.000001	-1.000000	-1.000000	-1.000000	-1.000000	0.000049	-1.000000	0.000012	-1.000000	-1.000000	-1.000000	-1.000000	-1.000000	-1.000000	0.006905	-1.000000	0.001869	-1.000000	-1.000000	0.000000	0.000003	0.000002	-1.000000	-1.000000	-1.000000	-1.000000	-1.000000	-1.000000	0.000001	-1.000000	-1.000000	0.059008	-1.000000
NOTUM_81955785	-1.000000	-1.000000	0.000001	-1.000000	0.000004	-1.000000	0.000004	-1.000000	-1.000000	-1.000000	-1.000000	-1.000000	-1.000000	-1.000000	-1.000000	0.000161	0.000009	-1.000000	-1.000000	0.000088	-1.000000	-1.000000	0.000038	-1.000000	0.000159	-1.000000	0.000001	-1.000000	0.000001	-1.000000	0.000001	-1.000000	-1.000000	-1.000000	-1.000000	-1.000000	0.000216	-1.000000	-1.000000	-1.000000	0.000009	0.000000	0.000549	-1.000000	-1.000000	0.000000	-1.000000	-1.000000	-1.000000	0.000021	-1.000000	-1.000000	-1.000000	-1.000000	-1.000000	-1.000000	0.000410	-1.000000	0.000000	0.000001	-1.000000	0.000003	-1.000000	-1.000000	0.000124	-1.000000	-1.000000	0.000106	-1.000000	-1.000000	-1.000000	-1.000000	0.000001	-1.000000	0.000008	-1.000000	-1.000000	-1.000000	-1.000000	-1.000000	-1.000000	-1.000000	-1.000000	0.000042	-1.000000	-1.000000	-1.000000	0.000001	0.000001	-1.000000	-1.000000	-1.000000	-1.000000	-1.000000	-1.000000	0.000001	-1.000000	-1.000000	0.003380	-1.000000
PRDM16_3069010	0.000057	0.004988	0.000038	-1.000000	0.000002	0.000675	-1.000000	0.000000	0.018129	0.000053	0.000094	0.000404	0.000147	-1.000000	0.054845	0.000123	0.000675	-1.000000	0.006737	0.000039	0.007751	0.000030	0.000527	0.006062	0.000675	-1.000000	-1.000000	0.003313	-1.000000	-1.000000	-1.000000	0.000108	-1.000000	-1.000000	0.000622	0.000675	0.000044	-1.000000	0.010049	-1.000000	0.000675	0.003313	-1.000000	-1.000000	-1.000000	0.000100	0.000138	0.003644	-1.000000	0.000160	-1.000000	0.000692	-1.000000	0.005882	0.018129	0.000094	0.027559	0.000675	0.070663	0.000039	0.001195	0.000065	0.000262	-1.000000	0.000011	0.006737	0.000094	0.000053	0.000094	-1.000000	0.027590	-1.000000	0.000065	0.000065	0.000053	-1.000000	-1.000000	0.000096	-1.000000	0.001601	-1.000000	-1.000000	0.000097	-1.000000	-1.000000	0.000077	-1.000000	0.000181	-1.000000	0.005194	0.000192	0.000371	0.000000	-1.000000	0.000108	0.000702	-1.000000	0.001085	0.000092	-1.000000
RALGAPA1_35766816	-1.000000	-1.000000	0.000754	-1.000000	0.136479	0.255265	-1.000000	-1.000000	-1.000000	0.001577	0.006110	-1.000000	-1.000000	-1.000000	-1.000000	0.000675	0.185751	-1.000000	-1.000000	0.002101	-1.000000	0.021122	0.001458	-1.000000	0.255265	-1.000000	-1.000000	-1.000000	-1.000000	-1.000000	-1.000000	0.003486	0.227837	-1.000000	0.185751	0.227837	0.004445	-1.000000	-1.000000	-1.000000	0.185751	-1.000000	-1.000000	-1.000000	0.000239	0.000360	-1.000000	0.271340	0.000801	0.006448	-1.000000	0.003467	-1.000000	-1.000000	-1.000000	0.020166	0.013731	0.185274	-1.000000	0.004113	-1.000000	0.001350	-1.000000	-1.000000	0.104199	-1.000000	0.024758	0.001855	0.008804	-1.000000	-1.000000	0.255265	0.000924	0.001350	0.001800	-1.000000	-1.000000	0.006762	0.001855	0.000884	0.223471	-1.000000	0.001306	0.006073	-1.000000	0.005036	-1.000000	0.000350	0.002139	0.014562	-1.000000	-1.000000	0.007577	-1.000000	0.003486	0.000415	0.008804	0.001296	0.000096	-1.000000
RP11-291L22.4_38454603	-1.000000	-1.000000	0.000006	-1.000000	0.000028	-1.000000	-1.000000	-1.000000	-1.000000	-1.000000	0.000011	-1.000000	-1.000000	-1.000000	-1.000000	-1.000000	0.000009	-1.000000	-1.000000	-1.000000	-1.000000	0.125819	-1.000000	-1.000000	0.000127	-1.000000	-1.000000	-1.000000	-1.000000	-1.000000	-1.000000	0.001429	0.000143	-1.000000	0.014033	0.023846	-1.000000	-1.000000	-1.000000	-1.000000	0.016732	-1.000000	-1.000000	-1.000000	-1.000000	-1.000000	-1.000000	-1.000000	0.000145	-1.000000	-1.000000	0.000019	-1.000000	-1.000000	-1.000000	0.000011	0.000701	-1.000000	-1.000000	0.000010	-1.000000	-1.000000	-1.000000	-1.000000	-1.000000	-1.000000	0.000011	-1.000000	0.000011	-1.000000	-1.000000	0.023846	-1.000000	-1.000000	-1.000000	-1.000000	-1.000000	0.063253	-1.000000	0.000043	-1.000000	-1.000000	0.000003	0.001030	-1.000000	0.001675	-1.000000	-1.000000	-1.000000	0.000001	-1.000000	-1.000000	-1.000000	-1.000000	0.001429	-1.000000	0.000011	0.015678	0.004987	-1.000000
RP11-2H3.7_442180	-1.000000	-1.000000	0.010205	-1.000000	0.000062	0.006134	-1.000000	-1.000000	-1.000000	0.000033	0.001406	-1.000000	-1.000000	-1.000000	-1.000000	0.000224	0.007366	-1.000000	-1.000000	0.002726	-1.000000	0.001856	0.002507	-1.000000	0.006134	-1.000000	-1.000000	-1.000000	-1.000000	-1.000000	-1.000000	0.000184	0.007465	-1.000000	0.007366	0.005875	0.002828	-1.000000	-1.000000	-1.000000	0.007465	-1.000000	0.000083	-1.000000	0.000017	0.000291	-1.000000	0.000060	0.000765	0.018281	-1.000000	0.000037	-1.000000	-1.000000	-1.000000	0.000113	0.000173	0.007465	-1.000000	0.000047	-1.000000	0.047020	-1.000000	-1.000000	0.005063	-1.000000	0.001783	0.001126	0.000131	-1.000000	-1.000000	0.006134	0.028223	0.047020	0.009299	-1.000000	-1.000000	0.000437	0.003177	0.000329	-1.000000	-1.000000	0.000044	0.000008	-1.000000	0.000142	-1.000000	0.000563	0.000040	0.000058	-1.000000	-1.000000	0.019620	-1.000000	0.000184	0.002678	0.000037	0.001550	0.000140	-1.000000
RP11-340I6.7_63894499	0.029199	-1.000000	0.000014	-1.000000	0.043841	-1.000000	-1.000000	-1.000000	-1.000000	0.000521	0.005164	-1.000000	-1.000000	-1.000000	-1.000000	0.000539	0.024900	-1.000000	-1.000000	0.000112	-1.000000	0.000018	0.000169	-1.000000	-1.000000	-1.000000	-1.000000	-1.000000	-1.000000	-1.000000	-1.000000	0.018070	-1.000000	-1.000000	-1.000000	-1.000000	0.000026	-1.000000	-1.000000	-1.000000	0.024900	-1.000000	0.000006	-1.000000	0.000116	0.001108	-1.000000	-1.000000	0.354263	0.000232	-1.000000	0.022214	-1.000000	-1.000000	-1.000000	0.005164	0.001072	-1.000000	-1.000000	0.000026	-1.000000	0.000494	-1.000000	-1.000000	0.067710	-1.000000	0.005164	0.000521	0.005164	-1.000000	-1.000000	-1.000000	0.000026	0.000494	0.000521	-1.000000	-1.000000	0.000073	0.000112	0.013826	0.003612	-1.000000	0.017889	0.001019	-1.000000	0.018070	-1.000000	0.000212	0.000539	0.001019	-1.000000	-1.000000	0.019829	-1.000000	0.000311	0.009036	0.005164	0.014223	0.000049	-1.000000
RP11-340I6.7_63894506	0.000003	-1.000000	0.000000	-1.000000	0.000005	-1.000000	-1.000000	-1.000000	-1.000000	0.000000	0.000005	-1.000000	-1.000000	-1.000000	-1.000000	0.000000	0.000000	-1.000000	-1.000000	0.000000	-1.000000	0.000005	0.000000	-1.000000	-1.000000	-1.000000	-1.000000	-1.000000	-1.000000	-1.000000	-1.000000	0.000005	-1.000000	-1.000000	-1.000000	-1.000000	0.000000	-1.000000	-1.000000	-1.000000	0.000000	-1.000000	-1.000000	-1.000000	0.000000	0.000000	-1.000000	-1.000000	0.006963	-1.000000	-1.000000	0.006963	-1.000000	-1.000000	-1.000000	0.000005	0.000000	-1.000000	-1.000000	0.000000	-1.000000	0.000000	-1.000000	-1.000000	0.000000	-1.000000	0.000005	0.000000	0.000005	-1.000000	-1.000000	-1.000000	0.000000	0.000000	0.000000	-1.000000	-1.000000	0.006963	0.000001	0.006963	-1.000000	-1.000000	0.006963	0.000000	-1.000000	0.000005	-1.000000	0.000000	0.000000	0.000000	-1.000000	-1.000000	0.000000	-1.000000	0.000000	0.000000	0.000005	0.006963	0.000000	-1.000000
RP11-377D9.3_13021271	-1.000000	-1.000000	0.000002	-1.000000	0.000137	0.000290	-1.000000	-1.000000	-1.000000	0.000006	0.000000	-1.000000	-1.000000	-1.000000	-1.000000	0.000000	0.000134	-1.000000	-1.000000	0.001653	-1.000000	0.000012	-1.000000	-1.000000	0.000356	-1.000000	-1.000000	-1.000000	-1.000000	-1.000000	-1.000000	0.000000	0.000018	-1.000000	0.000064	0.000290	0.000083	-1.000000	-1.000000	-1.000000	0.000062	-1.000000	0.000000	-1.000000	0.000000	-1.000000	-1.000000	-1.000000	0.000000	-1.000000	-1.000000	-1.000000	-1.000000	-1.000000	-1.000000	0.000000	0.000000	0.000085	-1.000000	0.000046	-1.000000	0.006135	-1.000000	-1.000000	0.000682	-1.000000	0.000000	0.000020	0.000000	-1.000000	-1.000000	0.000065	0.000034	0.037262	0.000006	-1.000000	-1.000000	0.000000	0.000354	0.000001	-1.000000	-1.000000	0.025329	0.000044	-1.000000	0.000059	-1.000000	0.000001	-1.000000	0.000028	-1.000000	-1.000000	0.000040	-1.000000	0.000000	0.000430	0.000000	-1.000000	0.000000	-1.000000
RP11-377D9.3_13021612	-1.000000	-1.000000	0.001189	-1.000000	0.000794	0.261171	-1.000000	-1.000000	-1.000000	0.000014	0.000063	-1.000000	-1.000000	-1.000000	-1.000000	0.000002	0.060067	-1.000000	-1.000000	0.000104	-1.000000	0.000060	0.000035	-1.000000	0.220081	-1.000000	-1.000000	-1.000000	-1.000000	-1.000000	-1.000000	0.000355	0.100255	-1.000000	0.060721	0.252763	0.000000	0.000000	-1.000000	-1.000000	0.060067	-1.000000	0.000002	-1.000000	0.010595	-1.000000	-1.000000	-1.000000	0.000002	0.000041	-1.000000	0.000002	-1.000000	-1.000000	-1.000000	0.000063	0.000042	0.125733	-1.000000	0.000045	-1.000000	0.000065	-1.000000	-1.000000	-1.000000	-1.000000	0.000063	0.000018	0.000063	-1.000000	-1.000000	0.261171	0.000002	0.000065	0.000181	-1.000000	-1.000000	0.000079	-1.000000	0.000544	-1.000000	0.000002	0.000002	0.000331	-1.000000	0.000052	-1.000000	0.000022	-1.000000	0.000043	-1.000000	-1.000000	0.000079	-1.000000	0.000091	0.000021	0.000063	0.000002	0.000095	-1.000000
RP11-411B10.3_14104938	-1.000000	-1.000000	0.000003	-1.000000	0.002089	-1.000000	-1.000000	-1.000000	-1.000000	0.000077	0.000297	-1.000000	-1.000000	-1.000000	-1.000000	0.000143	0.007620	-1.000000	-1.000000	0.001988	-1.000000	0.000374	0.011059	-1.000000	0.001162	-1.000000	-1.000000	0.006386	-1.000000	-1.000000	-1.000000	0.000743	0.007620	-1.000000	0.007620	-1.000000	0.003024	-1.000000	-1.000000	-1.000000	0.007620	-1.000000	0.000537	-1.000000	0.007813	0.025725	-1.000000	-1.000000	0.008379	0.124288	-1.000000	0.000772	-1.000000	-1.000000	-1.000000	0.001866	0.022655	-1.000000	-1.000000	0.003199	-1.000000	0.000106	-1.000000	-1.000000	0.003742	-1.000000	0.000339	0.069319	0.000157	-1.000000	-1.000000	-1.000000	0.005342	0.021508	0.048644	-1.000000	-1.000000	0.000180	0.000337	0.000081	0.004981	-1.000000	0.001161	0.000423	-1.000000	0.182465	-1.000000	0.000672	0.001945	0.006836	-1.000000	-1.000000	0.000625	-1.000000	0.000035	0.068135	0.000297	0.000991	0.000712	-1.000000
RP11-411B10.3_14104943	-1.000000	-1.000000	0.000017	-1.000000	0.000000	-1.000000	-1.000000	-1.000000	-1.000000	0.000000	0.000000	-1.000000	-1.000000	-1.000000	-1.000000	0.000000	0.000000	-1.000000	-1.000000	0.000000	-1.000000	0.000000	0.000000	-1.000000	0.000000	-1.000000	-1.000000	0.000000	-1.000000	-1.000000	-1.000000	0.000000	0.000000	-1.000000	0.000000	-1.000000	0.000000	-1.000000	-1.000000	-1.000000	0.000000	-1.000000	0.000000	-1.000000	0.000000	0.000000	-1.000000	-1.000000	0.000000	0.000000	-1.000000	0.000000	-1.000000	-1.000000	-1.000000	0.000000	0.000000	-1.000000	-1.000000	0.000000	-1.000000	0.000000	-1.000000	-1.000000	0.000000	-1.000000	0.000000	0.000000	0.000000	-1.000000	-1.000000	-1.000000	0.000000	0.000000	0.000000	-1.000000	-1.000000	0.000000	0.000000	0.000000	0.000000	-1.000000	0.000000	0.000000	-1.000000	0.000000	-1.000000	0.000000	0.000000	0.000000	-1.000000	-1.000000	0.000000	-1.000000	0.000000	0.000000	0.000000	0.000000	0.000000	-1.000000
RP11-411B10.3_14105363	-1.000000	-1.000000	0.021962	-1.000000	0.008807	-1.000000	-1.000000	-1.000000	-1.000000	0.016363	0.000101	-1.000000	-1.000000	-1.000000	-1.000000	0.093337	0.001587	-1.000000	-1.000000	0.011546	-1.000000	0.000147	0.000596	-1.000000	0.001771	-1.000000	-1.000000	0.004142	-1.000000	-1.000000	-1.000000	0.022913	0.001587	-1.000000	0.001587	-1.000000	0.001229	-1.000000	-1.000000	-1.000000	0.001587	-1.000000	0.000083	-1.000000	0.009737	0.001534	-1.000000	-1.000000	0.049665	0.001244	-1.000000	0.000662	-1.000000	-1.000000	-1.000000	0.003099	0.000355	-1.000000	-1.000000	0.003917	-1.000000	0.188416	-1.000000	-1.000000	0.007670	-1.000000	0.000510	0.000091	0.000861	-1.000000	-1.000000	-1.000000	0.000721	0.001005	0.000105	-1.000000	-1.000000	0.000223	0.000306	0.000035	-1.000000	-1.000000	0.001281	0.002198	-1.000000	0.000574	-1.000000	0.000224	0.001070	0.000577	0.000000	-1.000000	0.001403	-1.000000	0.000413	0.001101	0.000101	0.000318	0.004896	-1.000000
RP11-567I13.1_11353060	-1.000000	-1.000000	0.001475	-1.000000	0.004292	-1.000000	-1.000000	-1.000000	-1.000000	0.000776	0.212322	-1.000000	-1.000000	0.001112	-1.000000	0.000920	-1.000000	-1.000000	-1.000000	0.001453	-1.000000	0.000549	0.000776	-1.000000	-1.000000	-1.000000	-1.000000	0.002971	-1.000000	-1.000000	-1.000000	0.002785	-1.000000	-1.000000	-1.000000	-1.000000	0.002424	-1.000000	-1.000000	-1.000000	0.027503	-1.000000	0.006199	-1.000000	0.000754	0.000920	-1.000000	-1.000000	0.003027	0.000776	-1.000000	0.005650	-1.000000	-1.000000	-1.000000	0.212322	0.001182	-1.000000	-1.000000	0.000943	-1.000000	0.000776	-1.000000	-1.000000	0.000280	-1.000000	0.258550	0.000920	0.212322	-1.000000	-1.000000	-1.000000	0.000920	0.000776	0.000776	-1.000000	-1.000000	0.000212	0.001453	0.012722	-1.000000	-1.000000	0.004106	0.001620	-1.000000	0.000917	-1.000000	0.000776	0.000920	0.000020	0.001821	-1.000000	0.000776	-1.000000	0.002785	0.000930	0.212322	0.002419	0.000088	-1.000000
RP11-567I13.1_11353080	-1.000000	-1.000000	0.000001	-1.000000	0.000002	-1.000000	-1.000000	-1.000000	-1.000000	0.000001	0.000001	-1.000000	-1.000000	0.000001	-1.000000	0.000001	-1.000000	-1.000000	-1.000000	0.000001	-1.000000	0.000000	0.000001	-1.000000	-1.000000	-1.000000	-1.000000	0.000001	-1.000000	-1.000000	-1.000000	0.000000	-1.000000	-1.000000	-1.000000	-1.000000	0.000001	-1.000000	-1.000000	-1.000000	0.000001	-1.000000	0.000002	-1.000000	0.000001	0.000001	-1.000000	-1.000000	0.000594	0.000001	-1.000000	0.002284	-1.000000	-1.000000	-1.000000	0.000001	0.000001	-1.000000	-1.000000	0.000001	-1.000000	0.000001	-1.000000	-1.000000	0.000002	-1.000000	0.000001	0.000001	0.000001	-1.000000	-1.000000	-1.000000	0.000001	0.000001	0.000001	-1.000000	-1.000000	0.000001	0.000001	0.000737	-1.000000	-1.000000	0.000002	0.000001	-1.000000	0.000000	-1.000000	0.000001	0.000001	0.047305	0.000001	-1.000000	0.000001	-1.000000	0.000000	0.000001	0.000001	0.000003	0.000001	-1.000000
RP11-567I13.1_11353082	-1.000000	-1.000000	0.000000	-1.000000	0.000000	-1.000000	-1.000000	-1.000000	-1.000000	0.000000	0.000000	-1.000000	-1.000000	0.000000	-1.000000	0.000000	-1.000000	-1.000000	-1.000000	0.000000	-1.000000	0.000000	0.000000	-1.000000	-1.000000	-1.000000	-1.000000	0.000000	-1.000000	-1.000000	-1.000000	0.000000	-1.000000	-1.000000	-1.000000	-1.000000	0.000000	-1.000000	-1.000000	-1.000000	0.000000	-1.000000	0.000000	-1.000000	0.000000	0.000000	-1.000000	-1.000000	0.000000	0.000000	-1.000000	0.000000	-1.000000	-1.000000	-1.000000	0.000000	0.000000	-1.000000	-1.000000	0.000000	-1.000000	0.000000	-1.000000	-1.000000	0.000000	-1.000000	0.000000	0.000000	0.000000	-1.000000	-1.000000	-1.000000	0.000000	0.000000	0.000000	-1.000000	-1.000000	0.000000	0.000000	0.000000	-1.000000	-1.000000	0.000000	0.000000	-1.000000	0.000000	-1.000000	0.000000	0.000000	0.000000	0.000000	-1.000000	0.000000	-1.000000	0.000000	0.000000	0.000000	0.000000	0.000000	-1.000000
RP11-727A23.7_83213219	-1.000000	-1.000000	0.006628	-1.000000	0.001977	0.001719	-1.000000	-1.000000	-1.000000	0.002824	0.000743	-1.000000	-1.000000	-1.000000	-1.000000	0.004143	0.017990	-1.000000	-1.000000	0.026917	-1.000000	0.001374	0.002554	-1.000000	0.000817	-1.000000	-1.000000	-1.000000	-1.000000	-1.000000	-1.000000	0.005400	0.000287	-1.000000	0.020193	0.000156	0.017495	-1.000000	-1.000000	-1.000000	0.017990	-1.000000	0.002739	-1.000000	0.000091	0.003181	-1.000000	-1.000000	0.002039	0.003593	0.000014	0.001459	-1.000000	-1.000000	-1.000000	0.000743	0.000064	0.000703	-1.000000	0.000644	-1.000000	0.017956	-1.000000	-1.000000	0.000069	-1.000000	0.000743	0.004021	0.000743	-1.000000	-1.000000	0.000817	0.004021	0.017956	0.004021	-1.000000	-1.000000	0.000613	0.000057	0.000051	-1.000000	-1.000000	0.000970	0.027727	-1.000000	0.011814	-1.000000	0.003593	0.019187	0.001599	-1.000000	-1.000000	0.003593	-1.000000	0.005400	0.128849	0.000743	0.001433	0.000518	-1.000000
RP11-727A23.7_83213223	-1.000000	-1.000000	0.000004	-1.000000	0.000004	0.000004	-1.000000	-1.000000	-1.000000	0.000004	0.000000	-1.000000	-1.000000	-1.000000	-1.000000	0.000004	0.000004	-1.000000	-1.000000	0.000000	-1.000000	0.000004	0.000000	-1.000000	0.000004	-1.000000	-1.000000	-1.000000	-1.000000	-1.000000	-1.000000	0.000000	0.000004	-1.000000	0.000004	0.000000	0.000000	-1.000000	-1.000000	-1.000000	0.000004	-1.000000	0.000004	-1.000000	0.000000	0.000004	-1.000000	-1.000000	0.000000	0.000000	0.000004	0.000004	-1.000000	-1.000000	-1.000000	0.000000	0.000000	0.000004	-1.000000	0.000000	-1.000000	0.000000	-1.000000	-1.000000	0.000000	-1.000000	0.000000	0.000000	0.000000	-1.000000	-1.000000	0.000004	0.000004	0.000000	0.000004	-1.000000	-1.000000	0.000000	0.000000	0.000000	-1.000000	-1.000000	0.000004	0.000000	-1.000000	0.000000	-1.000000	0.000000	0.000000	0.000000	-1.000000	-1.000000	0.000000	-1.000000	0.000000	0.000000	0.000000	0.000000	0.000000	-1.000000
RP4-597A16.2_13513665	-1.000000	-1.000000	0.000000	0.000000	0.000003	0.000831	-1.000000	-1.000000	0.000000	0.000021	0.000125	0.000177	0.000380	0.093257	-1.000000	0.001914	0.077073	-1.000000	0.002647	0.000536	-1.000000	0.000004	0.002121	0.000032	-1.000000	-1.000000	-1.000000	0.000064	-1.000000	0.000032	-1.000000	-1.000000	0.031507	0.000014	0.094989	0.126756	0.000106	0.000014	0.000103	0.000001	0.077073	0.000053	0.025761	0.022221	0.728390	0.000005	0.000021	0.003071	0.035094	0.001411	0.000000	0.000008	-1.000000	0.000015	0.075104	0.000125	0.005904	-1.000000	0.000022	0.000106	-1.000000	0.000000	0.000010	0.000008	0.042181	0.000030	0.000125	0.000021	0.000125	-1.000000	0.000010	-1.000000	0.000081	0.000001	0.000201	-1.000000	-1.000000	0.000003	0.004226	0.048447	-1.000000	-1.000000	0.000179	0.000005	-1.000000	0.000135	-1.000000	0.002121	0.000991	-1.000000	-1.000000	-1.000000	0.001411	-1.000000	0.000222	0.002121	0.000125	0.000036	0.000003	-1.000000
SPTLC1_92109502	-1.000000	-1.000000	0.267879	-1.000000	0.031502	0.026221	-1.000000	-1.000000	-1.000000	0.108523	-1.000000	-1.000000	-1.000000	-1.000000	-1.000000	0.002908	0.324744	-1.000000	-1.000000	0.001224	-1.000000	0.000239	0.001986	-1.000000	0.020298	-1.000000	-1.000000	-1.000000	-1.000000	-1.000000	-1.000000	0.010191	0.230416	-1.000000	-1.000000	0.012970	0.000789	-1.000000	-1.000000	-1.000000	0.324744	-1.000000	0.000197	-1.000000	0.000615	0.002545	-1.000000	-1.000000	0.043036	0.002517	-1.000000	0.000210	-1.000000	-1.000000	-1.000000	0.000104	0.383878	0.324744	-1.000000	0.003209	-1.000000	0.000553	-1.000000	-1.000000	0.000100	-1.000000	0.001870	0.141853	-1.000000	-1.000000	-1.000000	0.020298	0.000385	0.002023	0.008128	-1.000000	-1.000000	0.181301	0.001760	0.004152	-1.000000	-1.000000	0.002944	0.001811	-1.000000	0.018617	-1.000000	0.000187	0.005674	-1.000000	-1.000000	-1.000000	0.000098	-1.000000	-1.000000	0.000416	0.008948	0.004314	0.000066	-1.000000
TBC1D30_64868359	-1.000000	-1.000000	0.026485	-1.000000	0.000717	0.000448	-1.000000	-1.000000	-1.000000	0.000209	0.000192	-1.000000	-1.000000	-1.000000	-1.000000	0.002869	0.184897	-1.000000	-1.000000	0.001488	-1.000000	0.010686	0.001791	-1.000000	0.000666	-1.000000	-1.000000	-1.000000	-1.000000	-1.000000	-1.000000	0.000093	0.202767	-1.000000	0.212216	0.000108	0.000142	-1.000000	-1.000000	-1.000000	0.184897	-1.000000	0.000177	-1.000000	0.000220	0.000140	-1.000000	0.000353	0.000322	0.001846	-1.000000	0.000319	-1.000000	-1.000000	-1.000000	0.000252	0.000045	0.205973	-1.000000	0.000209	-1.000000	0.000123	-1.000000	-1.000000	-1.000000	-1.000000	0.000192	0.000236	0.000352	-1.000000	-1.000000	0.000567	0.000040	0.000123	0.000288	-1.000000	-1.000000	0.000348	0.001488	0.001145	0.000407	-1.000000	0.000390	0.000221	-1.000000	0.000223	-1.000000	0.007650	0.001839	0.016033	-1.000000	-1.000000	0.010513	-1.000000	-1.000000	0.001846	0.000192	0.000471	0.005238	-1.000000
TCF7L2_112951413	0.000558	-1.000000	0.000004	-1.000000	0.000089	-1.000000	-1.000000	-1.000000	-1.000000	-1.000000	0.000043	0.002015	0.000076	0.000172	-1.000000	0.000001	-1.000000	-1.000000	-1.000000	0.000013	-1.000000	0.000122	0.000003	-1.000000	-1.000000	-1.000000	-1.000000	-1.000000	-1.000000	-1.000000	-1.000000	0.024125	-1.000000	0.000038	0.000091	-1.000000	0.000003	-1.000000	0.000034	-1.000000	0.000091	0.000045	-1.000000	0.000137	0.000005	-1.000000	-1.000000	-1.000000	0.000565	-1.000000	-1.000000	-1.000000	-1.000000	0.000040	0.000015	0.000051	0.000682	-1.000000	0.000236	0.000070	-1.000000	0.000001	0.000064	0.000074	0.011319	0.000040	0.000054	0.000001	0.000043	-1.000000	0.000040	-1.000000	0.000001	0.000301	-1.000000	-1.000000	-1.000000	-1.000000	-1.000000	0.000573	-1.000000	0.000029	0.000003	0.000824	-1.000000	0.001055	-1.000000	0.000004	0.000017	0.000002	-1.000000	-1.000000	0.000322	-1.000000	-1.000000	0.000004	0.000043	0.000051	0.000053	-1.000000
TCF7L2_112951431	0.000001	-1.000000	0.000001	-1.000000	-1.000000	-1.000000	-1.000000	-1.000000	-1.000000	-1.000000	-1.000000	0.000001	0.000000	0.000001	-1.000000	0.000000	-1.000000	-1.000000	-1.000000	0.000000	-1.000000	0.000000	0.000000	-1.000000	-1.000000	-1.000000	-1.000000	-1.000000	-1.000000	-1.000000	-1.000000	-1.000000	-1.000000	0.000004	0.000001	-1.000000	-1.000000	-1.000000	0.000001	-1.000000	0.000001	0.000001	-1.000000	0.000002	0.000000	-1.000000	-1.000000	-1.000000	-1.000000	-1.000000	-1.000000	0.000000	-1.000000	0.000001	0.000001	-1.000000	0.000000	-1.000000	0.000002	0.000000	-1.000000	0.000000	0.000001	0.000001	0.000001	0.000001	-1.000000	0.000000	-1.000000	-1.000000	0.000001	-1.000000	0.000000	0.000001	-1.000000	-1.000000	-1.000000	-1.000000	-1.000000	-1.000000	-1.000000	0.000001	-1.000000	0.000000	-1.000000	-1.000000	-1.000000	0.000000	0.000000	0.000000	-1.000000	-1.000000	0.000000	-1.000000	-1.000000	0.000000	-1.000000	0.000000	-1.000000	-1.000000
TRIP11_92026811	-1.000000	-1.000000	0.000057	-1.000000	-1.000000	-1.000000	-1.000000	-1.000000	-1.000000	0.000036	-1.000000	-1.000000	-1.000000	0.000383	-1.000000	0.000045	0.000166	-1.000000	-1.000000	0.060328	-1.000000	0.000029	0.000085	-1.000000	-1.000000	-1.000000	-1.000000	-1.000000	-1.000000	-1.000000	-1.000000	-1.000000	0.000543	-1.000000	0.000187	-1.000000	0.065032	-1.000000	-1.000000	-1.000000	0.030019	-1.000000	-1.000000	-1.000000	0.000396	-1.000000	-1.000000	-1.000000	0.000201	0.000085	-1.000000	0.000009	-1.000000	-1.000000	-1.000000	0.000005	0.000075	0.000256	-1.000000	0.065032	-1.000000	0.000036	0.000307	-1.000000	0.000201	-1.000000	-1.000000	-1.000000	-1.000000	-1.000000	-1.000000	-1.000000	-1.000000	0.000036	-1.000000	-1.000000	-1.000000	0.000618	-1.000000	-1.000000	-1.000000	-1.000000	0.000334	0.000021	-1.000000	-1.000000	-1.000000	0.000059	0.000036	0.000289	-1.000000	-1.000000	0.000071	-1.000000	-1.000000	0.000049	-1.000000	0.000279	0.000255	-1.000000
TTC26_139172974	-1.000000	-1.000000	0.006718	-1.000000	-1.000000	0.086848	-1.000000	-1.000000	-1.000000	0.000218	-1.000000	-1.000000	-1.000000	-1.000000	-1.000000	0.001777	0.114862	-1.000000	-1.000000	0.002239	-1.000000	0.000048	0.007079	-1.000000	0.089015	-1.000000	-1.000000	-1.000000	-1.000000	-1.000000	-1.000000	-1.000000	0.092583	-1.000000	0.081670	0.077247	0.010982	-1.000000	-1.000000	-1.000000	0.114862	-1.000000	-1.000000	-1.000000	0.000242	0.000627	-1.000000	0.057377	0.000566	0.002533	0.000525	-1.000000	-1.000000	-1.000000	-1.000000	-1.000000	0.000105	0.136225	-1.000000	0.011639	-1.000000	0.002231	-1.000000	-1.000000	0.000104	-1.000000	-1.000000	0.000072	-1.000000	-1.000000	-1.000000	0.089015	0.001418	0.002231	0.000240	-1.000000	-1.000000	-1.000000	0.005907	0.000057	0.067076	-1.000000	-1.000000	0.000056	-1.000000	-1.000000	-1.000000	0.003181	0.000556	-1.000000	-1.000000	-1.000000	0.006123	-1.000000	-1.000000	0.003903	-1.000000	-1.000000	0.006294	-1.000000
TTC26_139172979	-1.000000	-1.000000	0.000000	-1.000000	-1.000000	0.000000	-1.000000	-1.000000	-1.000000	0.000000	-1.000000	-1.000000	-1.000000	-1.000000	-1.000000	0.000000	0.000000	-1.000000	-1.000000	0.000000	-1.000000	0.000000	0.000000	-1.000000	0.000000	-1.000000	-1.000000	-1.000000	-1.000000	-1.000000	-1.000000	-1.000000	0.000000	-1.000000	0.000000	0.000000	0.000000	-1.000000	-1.000000	-1.000000	0.000000	-1.000000	-1.000000	-1.000000	0.000000	0.000000	-1.000000	0.000000	0.000000	0.000000	0.000000	-1.000000	-1.000000	-1.000000	-1.000000	-1.000000	0.000000	0.000000	-1.000000	0.000000	-1.000000	0.000000	-1.000000	-1.000000	0.000000	-1.000000	-1.000000	0.000000	-1.000000	-1.000000	-1.000000	0.000000	0.000000	0.000000	0.000000	-1.000000	-1.000000	-1.000000	0.000000	0.000000	0.000000	-1.000000	-1.000000	0.000000	-1.000000	-1.000000	-1.000000	0.000000	0.000000	-1.000000	-1.000000	-1.000000	0.000000	-1.000000	-1.000000	0.000000	-1.000000	-1.000000	0.000000	-1.000000
VPS26A_69161909	-1.000000	-1.000000	0.000095	-1.000000	-1.000000	0.018128	-1.000000	-1.000000	-1.000000	0.000078	0.000000	-1.000000	-1.000000	-1.000000	-1.000000	0.000078	0.132655	-1.000000	-1.000000	0.000078	-1.000000	0.000023	0.000078	-1.000000	0.018128	-1.000000	-1.000000	-1.000000	-1.000000	-1.000000	-1.000000	0.000105	0.150580	-1.000000	0.149919	0.018128	0.000914	-1.000000	-1.000000	-1.000000	0.132655	-1.000000	-1.000000	-1.000000	0.000435	0.000078	-1.000000	0.320736	0.000014	0.000078	-1.000000	0.000000	-1.000000	-1.000000	-1.000000	-1.000000	0.019764	0.131149	-1.000000	0.000076	-1.000000	0.000078	-1.000000	-1.000000	0.000000	-1.000000	0.094680	0.000078	0.000000	-1.000000	-1.000000	0.018128	0.000078	0.000078	-1.000000	-1.000000	-1.000000	0.000001	0.000078	0.000066	0.322043	-1.000000	0.009683	0.005625	-1.000000	0.000051	-1.000000	0.000078	0.000078	0.000059	-1.000000	-1.000000	0.000078	-1.000000	0.000105	0.000078	0.093489	0.000066	0.000000	-1.000000
XXbac-BPG55C20.7_57968495	0.019327	-1.000000	0.002833	-1.000000	0.001985	0.004354	0.002487	-1.000000	-1.000000	0.001722	0.000365	-1.000000	-1.000000	-1.000000	-1.000000	0.001536	0.014258	-1.000000	-1.000000	0.000033	-1.000000	0.000164	0.001469	-1.000000	0.014258	0.000170	-1.000000	-1.000000	-1.000000	-1.000000	-1.000000	0.001198	0.000454	-1.000000	0.014258	0.014258	0.000150	-1.000000	-1.000000	-1.000000	0.014258	-1.000000	0.044890	-1.000000	0.000169	0.001469	-1.000000	0.049088	0.000508	0.001469	-1.000000	0.000885	0.000101	-1.000000	-1.000000	0.001706	0.000353	-1.000000	-1.000000	0.189042	-1.000000	0.000577	-1.000000	-1.000000	0.003725	-1.000000	0.000596	0.001722	0.000596	-1.000000	-1.000000	0.014258	0.003382	0.000577	0.003511	-1.000000	-1.000000	0.225990	0.000565	0.113569	0.038824	-1.000000	0.110111	0.000310	-1.000000	0.000525	-1.000000	0.000139	0.000126	0.000219	-1.000000	-1.000000	0.000597	-1.000000	0.001198	0.001451	0.000596	0.000153	0.000356	-1.000000
ZMPSTE24_40262740	0.000496	-1.000000	0.000089	-1.000000	-1.000000	0.163429	-1.000000	-1.000000	-1.000000	0.002112	-1.000000	-1.000000	-1.000000	-1.000000	0.000001	0.004079	0.202271	0.002427	-1.000000	0.002782	-1.000000	0.002985	0.001465	-1.000000	0.163429	-1.000000	-1.000000	-1.000000	-1.000000	-1.000000	-1.000000	-1.000000	0.043019	-1.000000	-1.000000	0.163429	0.008120	0.000001	-1.000000	-1.000000	0.202271	-1.000000	-1.000000	-1.000000	0.000216	0.001730	-1.000000	0.000463	0.017535	0.001844	-1.000000	0.032057	-1.000000	-1.000000	0.000001	-1.000000	0.000023	0.365077	-1.000000	0.007036	-1.000000	0.001557	-1.000000	-1.000000	0.000862	-1.000000	-1.000000	-1.000000	-1.000000	-1.000000	-1.000000	0.163429	0.001557	0.001557	0.002112	-1.000000	-1.000000	-1.000000	0.002085	0.000257	0.000793	-1.000000	-1.000000	0.000017	-1.000000	-1.000000	-1.000000	0.001191	0.001553	0.000504	-1.000000	-1.000000	0.001577	-1.000000	-1.000000	0.001465	-1.000000	0.024392	0.000060	-1.000000
